<category><picture>528fc677c3b57fruitslegumes.png</picture><sound></sound><text>fruits and vegetables</text><textcolor>#CCCCCC</textcolor><indiagrams><indiagram>aliments/fruitslegumes/528fc677c4526aubergine.xml</indiagram><indiagram>aliments/fruitslegumes/528fc677c4f89bananes.xml</indiagram><indiagram>aliments/fruitslegumes/528fc677c59e6carotte.xml</indiagram><indiagram>aliments/fruitslegumes/528fc677c64c6cerises.xml</indiagram><indiagram>aliments/fruitslegumes/528fc677c6e84citron.xml</indiagram><indiagram>aliments/fruitslegumes/528fc677c79a3fraise.xml</indiagram><indiagram>aliments/fruitslegumes/528fc677c83c0haricots.xml</indiagram><indiagram>aliments/fruitslegumes/528fc677c8e29kiwi.xml</indiagram><indiagram>aliments/fruitslegumes/528fc677c95f2laitue.xml</indiagram><indiagram>aliments/fruitslegumes/528fc677ca041melon.xml</indiagram><indiagram>aliments/fruitslegumes/528fc677ca8c6noix.xml</indiagram><indiagram>aliments/fruitslegumes/528fc677cb2d2pastque.xml</indiagram><indiagram>aliments/fruitslegumes/528fc677cbd3fpoire.xml</indiagram><indiagram>aliments/fruitslegumes/528fc677cc788poireau.xml</indiagram><indiagram>aliments/fruitslegumes/528fc677cd2acpomme.xml</indiagram><indiagram>aliments/fruitslegumes/528fc677cdcbfprune.xml</indiagram><indiagram>aliments/fruitslegumes/528fc677ce679raisins.xml</indiagram><indiagram>aliments/fruitslegumes/528fc677cf093tomate.xml</indiagram></indiagrams></category>