<category><picture>528fc67884fdcvehicules.png</picture><sound></sound><text>véhicules</text><textcolor>#CCCCCC</textcolor><indiagrams><indiagram>vehicules/528fc67885645ambulance.xml</indiagram><indiagram>vehicules/528fc67885d2aavion.xml</indiagram><indiagram>vehicules/528fc678866ffbateau.xml</indiagram><indiagram>vehicules/528fc67887105camion.xml</indiagram><indiagram>vehicules/528fc67887a7emoto.xml</indiagram><indiagram>vehicules/528fc6788840bpolice.xml</indiagram><indiagram>vehicules/528fc67888cccpompier.xml</indiagram><indiagram>vehicules/528fc67889633tracteur.xml</indiagram><indiagram>vehicules/528fc67889f32train.xml</indiagram><indiagram>vehicules/528fc6788a5fbvoiture.xml</indiagram></indiagrams></category>