<category><picture>528fc6786497apartiesducorps.png</picture><sound></sound><text>corps</text><textcolor>#CCCCCC</textcolor><indiagrams><indiagram>partiesducorps/528fc6786510dbras.xml</indiagram><indiagram>partiesducorps/528fc67865bfccoeur.xml</indiagram><indiagram>partiesducorps/528fc678667aecou.xml</indiagram><indiagram>partiesducorps/528fc6786718bdos.xml</indiagram><indiagram>partiesducorps/528fc67867bbbgenou.xml</indiagram><indiagram>partiesducorps/528fc67868561index.xml</indiagram><indiagram>partiesducorps/528fc67869021jambes.xml</indiagram><indiagram>partiesducorps/528fc67869947langue.xml</indiagram><indiagram>partiesducorps/528fc6786a27amains.xml</indiagram><indiagram>partiesducorps/528fc6786ab93nez.xml</indiagram><indiagram>partiesducorps/528fc6786b4d7oeil.xml</indiagram><indiagram>partiesducorps/528fc6786bed2oreille.xml</indiagram><indiagram>partiesducorps/528fc6786c87epieds.xml</indiagram><indiagram>partiesducorps/528fc6786d272poing.xml</indiagram><indiagram>partiesducorps/528fc6786dc61poitrine.xml</indiagram><indiagram>partiesducorps/528fc6786e63dtte.xml</indiagram><indiagram>partiesducorps/528fc6786ef7aventre.xml</indiagram></indiagrams></category>