<category><picture>528fc67802a0eemotionsetats.png</picture><sound></sound><text>émotions et états</text><textcolor>#CCCCCC</textcolor><indiagrams><indiagram>emotionsetats/528fc67803319avoirmalauxdents.xml</indiagram><indiagram>emotionsetats/528fc67803d04bien.xml</indiagram><indiagram>emotionsetats/528fc67804685chaud.xml</indiagram><indiagram>emotionsetats/528fc6780500fembarrass.xml</indiagram><indiagram>emotionsetats/528fc6780598bmu.xml</indiagram><indiagram>emotionsetats/528fc678062f9tonn.xml</indiagram><indiagram>emotionsetats/528fc67806d93etremalade.xml</indiagram><indiagram>emotionsetats/528fc67807946fch.xml</indiagram><indiagram>emotionsetats/528fc678082aefatigu.xml</indiagram><indiagram>emotionsetats/528fc67808d35fier.xml</indiagram><indiagram>emotionsetats/528fc678097c0fort.xml</indiagram><indiagram>emotionsetats/528fc6780a39egentil.xml</indiagram><indiagram>emotionsetats/528fc6780adb6heureux.xml</indiagram><indiagram>emotionsetats/528fc6780b7b3impatient.xml</indiagram><indiagram>emotionsetats/528fc6780beacmaldegorge.xml</indiagram><indiagram>emotionsetats/528fc6780c850malheureux.xml</indiagram><indiagram>emotionsetats/528fc6780d1a2mauvais.xml</indiagram><indiagram>emotionsetats/528fc6780db86mchant.xml</indiagram><indiagram>emotionsetats/528fc6780e4aapeur.xml</indiagram><indiagram>emotionsetats/528fc6780ee01pleurer.xml</indiagram><indiagram>emotionsetats/528fc6780f73arire.xml</indiagram><indiagram>emotionsetats/528fc678101d0savoureux.xml</indiagram><indiagram>emotionsetats/528fc67810c90timide.xml</indiagram></indiagrams></category>