<category><picture>528fc6786ff0fpersonnes.png</picture><sound></sound><text>people</text><textcolor>#CCCCCC</textcolor><indiagrams><indiagram>personnes/528fc6787089bamis.xml</indiagram><indiagram>personnes/528fc67871227elle.xml</indiagram><indiagram>personnes/528fc67871b64enseignante.xml</indiagram><indiagram>personnes/528fc678724a0famille.xml</indiagram><indiagram>personnes/528fc67872da1femme.xml</indiagram><indiagram>personnes/528fc67873761frere.xml</indiagram><indiagram>personnes/528fc67874342grandsparents.xml</indiagram><indiagram>personnes/528fc67874cdbhomme.xml</indiagram><indiagram>personnes/528fc6787563dlui.xml</indiagram><indiagram>personnes/528fc67875fb8maman.xml</indiagram><indiagram>personnes/528fc6787698amdecin.xml</indiagram><indiagram>personnes/528fc678772bamoi.xml</indiagram><indiagram>personnes/528fc67877c42nous.xml</indiagram><indiagram>personnes/528fc678785cfpapa.xml</indiagram><indiagram>personnes/528fc67878f57qui.xml</indiagram><indiagram>personnes/528fc678798c2soeur.xml</indiagram><indiagram>personnes/528fc6787a25etoi.xml</indiagram><indiagram>personnes/528fc6787ac13tousensemble.xml</indiagram><indiagram>personnes/528fc6787b593vous.xml</indiagram></indiagrams></category>