<category><picture>528fc677da1fdanimaux.png</picture><sound></sound><text>animals</text><textcolor>#CCCCCC</textcolor><indiagrams><indiagram>animaux/528fc677dab64araigne.xml</indiagram><indiagram>animaux/528fc677db597canard.xml</indiagram><indiagram>animaux/528fc677dbf9echat.xml</indiagram><indiagram>animaux/528fc677dc992chenille.xml</indiagram><indiagram>animaux/528fc677dd35fcheval.xml</indiagram><indiagram>animaux/528fc677ddd07chien.xml</indiagram><indiagram>animaux/528fc677de79fcochon.xml</indiagram><indiagram>animaux/528fc677df16ccoquillage.xml</indiagram><indiagram>animaux/528fc677dfabacrabe.xml</indiagram><indiagram>animaux/528fc677e0474grenouille.xml</indiagram><indiagram>animaux/528fc677e0de8gupe.xml</indiagram><indiagram>animaux/528fc677e1845lapin.xml</indiagram><indiagram>animaux/528fc677e21b8lion.xml</indiagram><indiagram>animaux/528fc677e2869mouton.xml</indiagram><indiagram>animaux/528fc677e3168oie.xml</indiagram><indiagram>animaux/528fc677e3b38oiseau.xml</indiagram><indiagram>animaux/528fc677e4608papillon.xml</indiagram><indiagram>animaux/528fc677e505dpigeon.xml</indiagram><indiagram>animaux/528fc677e58abpoisson.xml</indiagram><indiagram>animaux/528fc677e62ebponey.xml</indiagram><indiagram>animaux/528fc677e6cb5tortue.xml</indiagram><indiagram>animaux/528fc677e7660vache.xml</indiagram><indiagram>animaux/528fc677e7fd1zbre.xml</indiagram></indiagrams></category>