<category><picture>528fc67815996lieux.png</picture><sound></sound><text>places</text><textcolor>#CCCCCC</textcolor><indiagrams><indiagram>lieux/528fc678161bearoport.xml</indiagram><indiagram>lieux/528fc67816b7bcave.xml</indiagram><indiagram>lieux/528fc67817551chambre.xml</indiagram><indiagram>lieux/528fc67817f20coiffeur.xml</indiagram><indiagram>lieux/528fc67818938cuisine.xml</indiagram><indiagram>lieux/528fc678193a9cole.xml</indiagram><indiagram>lieux/528fc67819e76garage.xml</indiagram><indiagram>lieux/528fc6781a5bagrenier.xml</indiagram><indiagram>lieux/528fc6781af3dhopital.xml</indiagram><indiagram>lieux/528fc6781b8c6jardin.xml</indiagram><indiagram>lieux/528fc6781c218magasin.xml</indiagram><indiagram>lieux/528fc6781cb6emaison.xml</indiagram><indiagram>lieux/528fc6781d4afmdecin.xml</indiagram><indiagram>lieux/528fc6781ddd3parcdattraction.xml</indiagram><indiagram>lieux/528fc6781e72bplage.xml</indiagram><indiagram>lieux/528fc6781f039route.xml</indiagram><indiagram>lieux/528fc6781f987salledebain.xml</indiagram><indiagram>lieux/528fc6782030cterraindefoot.xml</indiagram><indiagram>lieux/528fc67820c66toboggan.xml</indiagram><indiagram>lieux/528fc6782139atoilette.xml</indiagram><indiagram>lieux/528fc67821d39zoo.xml</indiagram></indiagrams></category>