<category><picture>528fc677bb754aliments.png</picture><sound></sound><text>food</text><textcolor>#CCCCCC</textcolor><indiagrams><indiagram>aliments/528fc677bc1b4alcool.xml</indiagram><indiagram>aliments/528fc677bcc86btteraves.xml</indiagram><indiagram>aliments/528fc677bd6babeurre.xml</indiagram><indiagram>aliments/528fc677be0a8biscuits.xml</indiagram><indiagram>aliments/528fc677be7d3bonbon.xml</indiagram><indiagram>aliments/528fc677bf10ecrales.xml</indiagram><indiagram>aliments/528fc677bfc5cchocolat.xml</indiagram><indiagram>aliments/528fc677c0655confiture.xml</indiagram><indiagram>aliments/528fc677c1010crpes.xml</indiagram><indiagram>aliments/528fc677c1993dessert.xml</indiagram><indiagram>aliments/528fc677c205ceau.xml</indiagram><indiagram>aliments/528fc677c29e6bonbons.xml</indiagram><indiagram>aliments/528fc677c3365frites.xml</indiagram><indiagram>aliments/528fc677cf842fruitsetlgumes.xml</indiagram><indiagram>aliments/528fc677d0386gteau.xml</indiagram><indiagram>aliments/528fc677d0ce5glace.xml</indiagram><indiagram>aliments/528fc677d1623hamburger.xml</indiagram><indiagram>aliments/528fc677d1cf4ketchup.xml</indiagram><indiagram>aliments/528fc677d23d9lait.xml</indiagram><indiagram>aliments/528fc677d2d44limonade.xml</indiagram><indiagram>aliments/528fc677d34ddoeuf.xml</indiagram><indiagram>aliments/528fc677d42c3pain.xml</indiagram><indiagram>aliments/528fc677d4d7dpates.xml</indiagram><indiagram>aliments/528fc677d5816riz.xml</indiagram><indiagram>aliments/528fc677d620fsaucisson.xml</indiagram><indiagram>aliments/528fc677d6bedsel.xml</indiagram><indiagram>aliments/528fc677d7537soda.xml</indiagram><indiagram>aliments/528fc677d7c1asucre.xml</indiagram><indiagram>aliments/528fc677d85b5viande.xml</indiagram><indiagram>aliments/528fc677d8fa3yaourt.xml</indiagram></indiagrams></category>