<category><picture>528fc677ef05dcouleurs.png</picture><sound></sound><text>colors</text><textcolor>#CCCCCC</textcolor><indiagrams><indiagram>couleurs/528fc677ef78bblanc.xml</indiagram><indiagram>couleurs/528fc677f00debleu.xml</indiagram><indiagram>couleurs/528fc677f0a0cbrun.xml</indiagram><indiagram>couleurs/528fc677f12dfgris.xml</indiagram><indiagram>couleurs/528fc677f1cd2jaune.xml</indiagram><indiagram>couleurs/528fc677f27afnoir.xml</indiagram><indiagram>couleurs/528fc677f3406orange.xml</indiagram><indiagram>couleurs/528fc677f3ba2rose.xml</indiagram><indiagram>couleurs/528fc678003a7rouge.xml</indiagram><indiagram>couleurs/528fc67800da6vert.xml</indiagram><indiagram>couleurs/528fc67801902violet.xml</indiagram></indiagrams></category>