<category><picture>528fc677e90d9chiffres.png</picture><sound></sound><text>figures</text><textcolor>#CCCCCC</textcolor><indiagrams><indiagram>chiffres/528fc677e9718cinq.xml</indiagram><indiagram>chiffres/528fc677ea03fdeux.xml</indiagram><indiagram>chiffres/528fc677ea951huit.xml</indiagram><indiagram>chiffres/528fc677eb25eneuf.xml</indiagram><indiagram>chiffres/528fc677ebb7cquatre.xml</indiagram><indiagram>chiffres/528fc677ec55csept.xml</indiagram><indiagram>chiffres/528fc677ed031six.xml</indiagram><indiagram>chiffres/528fc677ed777trois.xml</indiagram><indiagram>chiffres/528fc677ee0c9un.xml</indiagram></indiagrams></category>