<category><picture>528fc677700baactions.png</picture><sound></sound><text>actions</text><textcolor>#CCCCCC</textcolor><indiagrams><indiagram>actions/528fc67771895appuyez.xml</indiagram><indiagram>actions/528fc6777241easpirer.xml</indiagram><indiagram>actions/528fc67772e1eavoirdesinsomnies.xml</indiagram><indiagram>actions/528fc677738ceavoirfaim.xml</indiagram><indiagram>actions/528fc6777423fboire.xml</indiagram><indiagram>actions/528fc67774d0fcamper.xml</indiagram><indiagram>actions/528fc677756a1chanter.xml</indiagram><indiagram>actions/528fc67776080chercher.xml</indiagram><indiagram>actions/528fc67776af0choisir.xml</indiagram><indiagram>actions/528fc677774beconsoler.xml</indiagram><indiagram>actions/528fc67777e72construire.xml</indiagram><indiagram>actions/528fc67778850courir.xml</indiagram><indiagram>actions/528fc677791becracher.xml</indiagram><indiagram>actions/528fc67779b73creuser.xml</indiagram><indiagram>actions/528fc6777a493crier.xml</indiagram><indiagram>actions/528fc6777ae07danser.xml</indiagram><indiagram>actions/528fc6777b703demanderdelaide.xml</indiagram><indiagram>actions/528fc6777c02fdplacer.xml</indiagram><indiagram>actions/528fc6777c997dposer.xml</indiagram><indiagram>actions/528fc6777d362direbonjour.xml</indiagram><indiagram>actions/528fc6777dd95direnon.xml</indiagram><indiagram>actions/528fc6777e7f7direoui.xml</indiagram><indiagram>actions/528fc6777f168donner.xml</indiagram><indiagram>actions/528fc6777fa6edormir.xml</indiagram><indiagram>actions/528fc67780492changer.xml</indiagram><indiagram>actions/528fc67780e86emballer.xml</indiagram><indiagram>actions/528fc67781890entendre.xml</indiagram><indiagram>actions/528fc677822d5entrer.xml</indiagram><indiagram>actions/528fc67782dbeessuyer.xml</indiagram><indiagram>actions/528fc6778377dtudier.xml</indiagram><indiagram>actions/528fc677842a8fairecuire.xml</indiagram><indiagram>actions/528fc67784bfdfairelescourses.xml</indiagram><indiagram>actions/528fc6778553dfairesesdevoirs.xml</indiagram><indiagram>actions/528fc67785e59faireunbisou.xml</indiagram><indiagram>actions/528fc677867e4fermer.xml</indiagram><indiagram>actions/528fc67787218frapper.xml</indiagram><indiagram>actions/528fc67787cdffumer.xml</indiagram><indiagram>actions/528fc677886d9gagner.xml</indiagram><indiagram>actions/528fc67789074gommer.xml</indiagram><indiagram>actions/528fc67789a1chabiter.xml</indiagram><indiagram>actions/528fc6778a33cignorer.xml</indiagram><indiagram>actions/528fc6778ace6interdire.xml</indiagram><indiagram>actions/528fc6778b830jouerdelamusique.xml</indiagram><indiagram>actions/528fc6778c230laverlescheveux.xml</indiagram><indiagram>actions/528fc6778cbfflire.xml</indiagram><indiagram>actions/528fc6778d957manger.xml</indiagram><indiagram>actions/528fc6778e2a5mlanger.xml</indiagram><indiagram>actions/528fc6778ec41mentir.xml</indiagram><indiagram>actions/528fc6778f621mesurer.xml</indiagram><indiagram>actions/528fc6778ffcfmettre.xml</indiagram><indiagram>actions/528fc67790a21mettredesvtements.xml</indiagram><indiagram>actions/528fc6779142cmonterlesescalier.xml</indiagram><indiagram>actions/528fc67791e45nager.xml</indiagram><indiagram>actions/528fc6779283dnedoispascracher.xml</indiagram><indiagram>actions/528fc677931d0nedoispascrier.xml</indiagram><indiagram>actions/528fc67793b94nepassedisputer.xml</indiagram><indiagram>actions/528fc67794518nedoitpasfrapper.xml</indiagram><indiagram>actions/528fc67794f88nedoispasfumer.xml</indiagram><indiagram>actions/528fc67795928nedoitpasignorer.xml</indiagram><indiagram>actions/528fc67796477nepasjeterlesjouets.xml</indiagram><indiagram>actions/528fc67796ec8nepasmentir.xml</indiagram><indiagram>actions/528fc67797879nepaspincer.xml</indiagram><indiagram>actions/528fc6779820anepaspousser.xml</indiagram><indiagram>actions/528fc67798bb3nepassebattre.xml</indiagram><indiagram>actions/528fc677996aanedoitpastirerlalangue.xml</indiagram><indiagram>actions/528fc6779a0e9nedoispastirerlescheveux.xml</indiagram><indiagram>actions/528fc6779acb1nepastoucher.xml</indiagram><indiagram>actions/528fc6779b670nepasvoler.xml</indiagram><indiagram>actions/528fc6779bfc9nettoyer.xml</indiagram><indiagram>actions/528fc6779c94aouvrir.xml</indiagram><indiagram>actions/528fc6779d283patiner.xml</indiagram><indiagram>actions/528fc6779dbc3pcher.xml</indiagram><indiagram>actions/528fc6779e663penser.xml</indiagram><indiagram>actions/528fc6779f03fpincer.xml</indiagram><indiagram>actions/528fc6779fca6porter.xml</indiagram><indiagram>actions/528fc677a05faposerunequestion.xml</indiagram><indiagram>actions/528fc677a1007pousser.xml</indiagram><indiagram>actions/528fc677a1a7dprparersonsac.xml</indiagram><indiagram>actions/528fc677a241equestionner.xml</indiagram><indiagram>actions/528fc677a2d37raconter.xml</indiagram><indiagram>actions/528fc677a366framasser.xml</indiagram><indiagram>actions/528fc677a3f7crangersachambre.xml</indiagram><indiagram>actions/528fc677a4878rflechir.xml</indiagram><indiagram>actions/528fc677a5150regarder.xml</indiagram><indiagram>actions/528fc677a5a35rentrer.xml</indiagram><indiagram>actions/528fc677a6451sasseoir.xml</indiagram><indiagram>actions/528fc677a6fd3brosserlesdents.xml</indiagram><indiagram>actions/528fc677a7a31sebruler.xml</indiagram><indiagram>actions/528fc677a8428sedisputer.xml</indiagram><indiagram>actions/528fc677a8f2dsedoucher.xml</indiagram><indiagram>actions/528fc677a98a7selaverlesmains.xml</indiagram><indiagram>actions/528fc677aa2d3sembrasser.xml</indiagram><indiagram>actions/528fc677aac6bsemoucher.xml</indiagram><indiagram>actions/528fc677ab638sennuyer.xml</indiagram><indiagram>actions/528fc677abfc2sentir.xml</indiagram><indiagram>actions/528fc677ac988separler.xml</indiagram><indiagram>actions/528fc677ad34csepeigner.xml</indiagram><indiagram>actions/528fc677adcabsepeser.xml</indiagram><indiagram>actions/528fc677ae59fsepromener.xml</indiagram><indiagram>actions/528fc677aeef6seraser.xml</indiagram><indiagram>actions/528fc677af86csepromenerensemble.xml</indiagram><indiagram>actions/528fc677b0225sesentirmal.xml</indiagram><indiagram>actions/528fc677b0c36sesoigner.xml</indiagram><indiagram>actions/528fc677b161dsessuier.xml</indiagram><indiagram>actions/528fc677b21cashabiller.xml</indiagram><indiagram>actions/528fc677b2b25siffler.xml</indiagram><indiagram>actions/528fc677b3469skier.xml</indiagram><indiagram>actions/528fc677b3e90sonner.xml</indiagram><indiagram>actions/528fc677b4881sortirlechien.xml</indiagram><indiagram>actions/528fc677b51e3soulever.xml</indiagram><indiagram>actions/528fc677b5ae4suer.xml</indiagram><indiagram>actions/528fc677b6467tirerlescheveux.xml</indiagram><indiagram>actions/528fc677b6dd2toucher.xml</indiagram><indiagram>actions/528fc677b77e5travailler.xml</indiagram><indiagram>actions/528fc677b8176traverser.xml</indiagram><indiagram>actions/528fc677b8b1fviderlespoubelles.xml</indiagram><indiagram>actions/528fc677b955dvoir.xml</indiagram><indiagram>actions/528fc677ba023voler.xml</indiagram><indiagram>actions/528fc677ba981voyager.xml</indiagram></indiagrams></category>