<category><picture>528fc6787c4d5temps.png</picture><sound></sound><text>weather</text><textcolor>#CCCCCC</textcolor><indiagrams><indiagram>temps/528fc6787cbeaautomne.xml</indiagram><indiagram>temps/528fc6787d51ct.xml</indiagram><indiagram>temps/528fc6787de99grle.xml</indiagram><indiagram>temps/528fc6787e817hiver.xml</indiagram><indiagram>temps/528fc6787f15cjour.xml</indiagram><indiagram>temps/528fc6787fc36neige.xml</indiagram><indiagram>temps/528fc678807dcnuit.xml</indiagram><indiagram>temps/528fc67881264orage.xml</indiagram><indiagram>temps/528fc67881c9cpluie.xml</indiagram><indiagram>temps/528fc67882689printemps.xml</indiagram><indiagram>temps/528fc6788303atempte.xml</indiagram><indiagram>temps/528fc678839d2vent.xml</indiagram><indiagram>temps/528fc67884323weekend.xml</indiagram></indiagrams></category>