<category><picture>528fc6784a0demobiliers.png</picture><sound></sound><text>furniture</text><textcolor>#CCCCCC</textcolor><indiagrams><indiagram>objets/mobiliers/528fc6784a80bcanap.xml</indiagram><indiagram>objets/mobiliers/528fc6784b1e3chaise.xml</indiagram><indiagram>objets/mobiliers/528fc6784bc42fauteuil.xml</indiagram><indiagram>objets/mobiliers/528fc6784c606lit.xml</indiagram><indiagram>objets/mobiliers/528fc6784d025table.xml</indiagram><indiagram>objets/mobiliers/528fc6784d74btableau.xml</indiagram><indiagram>objets/mobiliers/528fc6784e1dctabouret.xml</indiagram></indiagrams></category>