<category><picture>528fc6783bdefjouets.png</picture><sound></sound><text>toys</text><textcolor>#CCCCCC</textcolor><indiagrams><indiagram>objets/jouets/528fc6783c875baladeur.xml</indiagram><indiagram>objets/jouets/528fc6783d2faballon.xml</indiagram><indiagram>objets/jouets/528fc6783db20cartes.xml</indiagram><indiagram>objets/jouets/528fc6783e4f8cerfvolant.xml</indiagram><indiagram>objets/jouets/528fc6783ee7bconsoledejeux.xml</indiagram><indiagram>objets/jouets/528fc6783f818feutres.xml</indiagram><indiagram>objets/jouets/528fc678402edfrisbee.xml</indiagram><indiagram>objets/jouets/528fc67840ae7jumelles.xml</indiagram><indiagram>objets/jouets/528fc678415f9luge.xml</indiagram><indiagram>objets/jouets/528fc678420dcours.xml</indiagram><indiagram>objets/jouets/528fc67842b1cpeluches.xml</indiagram><indiagram>objets/jouets/528fc678435fapinceaux.xml</indiagram><indiagram>objets/jouets/528fc67843faepingpong.xml</indiagram><indiagram>objets/jouets/528fc67844777pistolet.xml</indiagram><indiagram>objets/jouets/528fc678451b4poupe.xml</indiagram><indiagram>objets/jouets/528fc67845bbapuzzle.xml</indiagram><indiagram>objets/jouets/528fc67846301tambour.xml</indiagram><indiagram>objets/jouets/528fc67846cdetapecul.xml</indiagram><indiagram>objets/jouets/528fc6784769ftennis.xml</indiagram><indiagram>objets/jouets/528fc67847e25trampoline.xml</indiagram><indiagram>objets/jouets/528fc678485f9trottinette.xml</indiagram><indiagram>objets/jouets/528fc67849017vlo.xml</indiagram></indiagrams></category>