<category><picture>528fc6785861evetements.png</picture><sound></sound><text>clothing</text><textcolor>#CCCCCC</textcolor><indiagrams><indiagram>objets/vetements/528fc67858f82bottes.xml</indiagram><indiagram>objets/vetements/528fc678599cecasquette.xml</indiagram><indiagram>objets/vetements/528fc6785a475chaussures.xml</indiagram><indiagram>objets/vetements/528fc6785ae9fchemisedenuit.xml</indiagram><indiagram>objets/vetements/528fc6785b890couche.xml</indiagram><indiagram>objets/vetements/528fc6785c259gants.xml</indiagram><indiagram>objets/vetements/528fc6785cdd0lunettes.xml</indiagram><indiagram>objets/vetements/528fc6785d789manteau.xml</indiagram><indiagram>objets/vetements/528fc6785e1efpantalon.xml</indiagram><indiagram>objets/vetements/528fc6785ec12pull.xml</indiagram><indiagram>objets/vetements/528fc6785f624pyjama.xml</indiagram><indiagram>objets/vetements/528fc6785ffdbrobe.xml</indiagram><indiagram>objets/vetements/528fc67860a33salopette.xml</indiagram><indiagram>objets/vetements/528fc678613ceserviettes.xml</indiagram><indiagram>objets/vetements/528fc67861f08slip.xml</indiagram><indiagram>objets/vetements/528fc678628bfsoutiengorge.xml</indiagram><indiagram>objets/vetements/528fc67863246tablier.xml</indiagram></indiagrams></category>