<category><picture>528fc6784f23austensiles.png</picture><sound></sound><text>utensils</text><textcolor>#CCCCCC</textcolor><indiagrams><indiagram>objets/ustensiles/528fc6784faacbol.xml</indiagram><indiagram>objets/ustensiles/528fc678504f2bols.xml</indiagram><indiagram>objets/ustensiles/528fc67850eeabouilloire.xml</indiagram><indiagram>objets/ustensiles/528fc67851938brosse.xml</indiagram><indiagram>objets/ustensiles/528fc678523c4casserole.xml</indiagram><indiagram>objets/ustensiles/528fc67852dc9ciseaux.xml</indiagram><indiagram>objets/ustensiles/528fc678538c2couverts.xml</indiagram><indiagram>objets/ustensiles/528fc678541f8ferarepasser.xml</indiagram><indiagram>objets/ustensiles/528fc67854ba1fourchette.xml</indiagram><indiagram>objets/ustensiles/528fc67855563louche.xml</indiagram><indiagram>objets/ustensiles/528fc67855f83pailles.xml</indiagram><indiagram>objets/ustensiles/528fc67856a3ftasse.xml</indiagram><indiagram>objets/ustensiles/528fc678574a2tournevis.xml</indiagram></indiagrams></category>