<category><picture>528fc678268c8autres.png</picture><sound></sound><text>miscellaneous</text><textcolor>#CCCCCC</textcolor><indiagrams><indiagram>objets/autres/528fc67827512laine.xml</indiagram><indiagram>objets/autres/528fc67827ef3cartable.xml</indiagram><indiagram>objets/autres/528fc67828ba0cendrier.xml</indiagram><indiagram>objets/autres/528fc678295bdcl.xml</indiagram><indiagram>objets/autres/528fc67829f35colle.xml</indiagram><indiagram>objets/autres/528fc6782a9aecoussins.xml</indiagram><indiagram>objets/autres/528fc6782b8bcfeu.xml</indiagram><indiagram>objets/autres/528fc6782c310feudartifice.xml</indiagram><indiagram>objets/autres/528fc6782cd03gomme.xml</indiagram><indiagram>objets/autres/528fc6782d6e7horloge.xml</indiagram><indiagram>objets/autres/528fc6782e188livre.xml</indiagram><indiagram>objets/autres/528fc6782eb6aloupe.xml</indiagram><indiagram>objets/autres/528fc6782f58emachinelaver.xml</indiagram><indiagram>objets/autres/528fc6782ff82marteau.xml</indiagram><indiagram>objets/autres/528fc678308d9mirroir.xml</indiagram><indiagram>objets/autres/528fc67831387mobile.xml</indiagram><indiagram>objets/autres/528fc67831d9cneige.xml</indiagram><indiagram>objets/autres/528fc67832810ordinateur.xml</indiagram><indiagram>objets/autres/528fc67833328parapluie.xml</indiagram><indiagram>objets/autres/528fc67833e02peigne.xml</indiagram><indiagram>objets/autres/528fc67834892poubelle.xml</indiagram><indiagram>objets/autres/528fc678352b4protectionsolaire.xml</indiagram><indiagram>objets/autres/528fc67835ca6rasoir.xml</indiagram><indiagram>objets/autres/528fc6783676dsacdos.xml</indiagram><indiagram>objets/autres/528fc67837101sacmain.xml</indiagram><indiagram>objets/autres/528fc67837ac4savon.xml</indiagram><indiagram>objets/autres/528fc67838431secours.xml</indiagram><indiagram>objets/autres/528fc67838da1shampoing.xml</indiagram><indiagram>objets/autres/528fc678397e0soleil.xml</indiagram><indiagram>objets/autres/528fc6783a1c5taillecrayon.xml</indiagram><indiagram>objets/autres/528fc6783ac72ventilateur.xml</indiagram></indiagrams></category>